WI	wisconsin	Adams,Amery,Antigo,Appleton,Ashland,Baldwin,Baraboo,Barron,Beaver Dam,Beloit,Berlin,Black River Falls,Bloomer,Brookfield,Burlington,Cedarburg,Chetek,Chilton,Chippewa Falls,Clintonville,Columbus,Crandon,Crivitz,Cudahy,De Forest,De Pere,Delafield,Delavan,Dodgeville,Durand,Eagle River,East Troy,Eau Claire,Edgerton,Elkhorn,Ellsworth,Elm Grove,Fond Du Lac,Fort Atkinson,Franklin,Germantown,Grafton,Green Bay,Greendale,Hales Corners,Hartford,Hartland,Hayward,Holmen,Hudson,Jackson,Janesville,Jefferson,Kaukauna,Kenosha,Kewaunee,La Crosse,Ladysmith,Lake Geneva,Lake Mills,Lancaster,Little Chute,Lodi,Madison,Manitowoc,Marinette,Marshfield,Mauston,Mc Farland,Medford,Menasha,Menomonee Falls,Menomonie,Mequon,Merrill,Middleton,Milton,Milwaukee,Minocqua,Mondovi,Monroe,Mosinee,Mount Horeb,Mukwonago,Muskego,Neenah,Neillsville,New Berlin,New London,New Richmond,Oak Creek,Oconomowoc,Oconto,Oconto Falls,Onalaska,Oregon,Oshkosh,Pewaukee,Phillips,Platteville,Plover,Plymouth,Port Washington,Portage,Poynette,Prairie Du Chien,Pulaski,Racine,Reedsburg,Rhinelander,Rice Lake,Richland Center,Ripon,River Falls,Saint Croix Falls,Sauk City,Schofield,Shawano,Sheboygan,Sheboygan Falls,Siren,Slinger,South Milwaukee,Sparta,Spooner,Stevens Point,Stoughton,Sturgeon Bay,Sturtevant,Sun Prairie,Superior,Sussex,Thiensville,Tomah,Tomahawk,Two Rivers,Union Grove,Verona,Viroqua,Walworth,Waterford,Watertown,Waukesha,Waunakee,Waupaca,Waupun,Wausau,Wautoma,West Bend,Whitewater,Wisconsin Dells,Wisconsin Rapids,Woodruff
WA	washington	Aberdeen,Anacortes,Arlington,Auburn,Bainbridge Island,Battle Ground,Belfair,Bellevue,Bellingham,Blaine,Bothell,Bremerton,Buckley,Burlington,Camas,Centralia,Chehalis,Chelan,Cheney,Clarkston,Cle Elum,Clinton,Colfax,Colville,Coupeville,Deer Park,Duvall,East Wenatchee,Eastsound,Eatonville,Edmonds,Ellensburg,Elma,Enumclaw,Ephrata,Everett,Federal Way,Ferndale,Forks,Freeland,Friday Harbor,Gig Harbor,Goldendale,Graham,Grandview,Hoquiam,Issaquah,Kelso,Kenmore,Kennewick,Kent,Kingston,Kirkland,Lacey,Lake Stevens,Lakewood,Langley,Leavenworth,Long Beach,Longview,Lynden,Lynnwood,Maple Valley,Marysville,Mercer Island,Monroe,Montesano,Moses Lake,Mount Vernon,Mountlake Terrace,Mukilteo,Newport,North Bend,Oak Harbor,Olympia,Omak,Othello,Pasco,Port Angeles,Port Orchard,Port Townsend,Poulsbo,Prosser,Pullman,Puyallup,Quincy,Redmond,Renton,Richland,Ridgefield,Sammamish,Seattle,Sedro Woolley,Selah,Sequim,Shelton,Silverdale,Snohomish,Spanaway,Spokane,Stanwood,Sumner,Sunnyside,Tacoma,Toppenish,Vancouver,Vashon,Walla Walla,Washougal,Wenatchee,White Salmon,Woodinville,Woodland,Yakima,Yelm
VA	virginia	Abingdon,Alexandria,Altavista,Amelia Court House,Amherst,Annandale,Appomattox,Arlington,Ashburn,Ashland,Bassett,Bedford,Berryville,Big Stone Gap,Blacksburg,Blackstone,Bluefield,Bristol,Burke,Centreville,Chantilly,Charlottesville,Chatham,Chesapeake,Chester,Chesterfield,Christiansburg,Clifton Forge,Clintwood,Coeburn,Collinsville,Colonial Heights,Covington,Culpeper,Danville,Dublin,Dulles,Dumfries,Emporia,Fairfax,Fairfax Station,Falls Church,Farmville,Floyd,Forest,Franklin,Fredericksburg,Front Royal,Gainesville,Galax,Gate City,Glen Allen,Gloucester,Great Falls,Grundy,Hampton,Harrisonburg,Hayes,Haymarket,Herndon,Hillsville,Hopewell,Kilmarnock,King George,Lawrenceville,Lebanon,Leesburg,Lexington,Lorton,Louisa,Luray,Lynchburg,Madison,Madison Heights,Manassas,Marion,Martinsville,Mc Lean,Mechanicsville,Middleburg,Midlothian,Moneta,Newport News,Norfolk,Norton,Oakton,Occoquan,Onancock,Orange,Pearisburg,Pennington Gap,Petersburg,Poquoson,Portsmouth,Powhatan,Pulaski,Purcellville,Radford,Reston,Richlands,Richmond,Roanoke,Rocky Mount,Rustburg,Salem,Sandston,Smithfield,South Boston,South Hill,Spotsylvania,Springfield,Stafford,Staunton,Stephens City,Sterling,Stuart,Suffolk,Tappahannock,Tazewell,Triangle,Troutville,Vienna,Vinton,Virginia Beach,Warrenton,Warsaw,Waynesboro,Williamsburg,Winchester,Wise,Woodbridge,Woodstock,Wytheville,Yorktown
VT	vermont	Barre,Bennington,Brattleboro,Burlington,Colchester,Essex Junction,Ludlow,Manchester,Middlebury,Milton,Montpelier,Morrisville,Newport,Northfield,Randolph,Rutland,Saint Albans,Saint Johnsbury,Shelburne,South Burlington,Springfield,Stowe,Waitsfield,Waterbury,White River Junction,Williston,Woodstock
TN	tennessee	Alamo,Alcoa,Antioch,Arlington,Ashland City,Athens,Blountville,Bluff City,Bolivar,Brentwood,Bristol,Brownsville,Camden,Carthage,Centerville,Chattanooga,Church Hill,Clarksville,Cleveland,Clinton,Collierville,Columbia,Cookeville,Cordova,Covington,Crossville,Dandridge,Dayton,Dickson,Dresden,Dunlap,Dyersburg,Elizabethton,Erin,Erwin,Etowah,Fairview,Fayetteville,Franklin,Gainesboro,Gallatin,Gatlinburg,Germantown,Goodlettsville,Greeneville,Harriman,Henderson,Hendersonville,Hermitage,Hixson,Hohenwald,Humboldt,Huntingdon,Jackson,Jamestown,Jasper,Jefferson City,Johnson City,Jonesborough,Kingsport,Kingston,Knoxville,La Follette,La Vergne,Lafayette,Lawrenceburg,Lebanon,Lenoir City,Lewisburg,Lexington,Livingston,Loudon,Madison,Madisonville,Manchester,Martin,Maryville,Maynardville,Mc Kenzie,Mc Minnville,Memphis,Milan,Millington,Morristown,Mount Juliet,Mountain City,Munford,Murfreesboro,Nashville,New Tazewell,Newport,Oak Ridge,Old Hickory,Oneida,Ooltewah,Paris,Parsons,Pigeon Forge,Pikeville,Portland,Powell,Pulaski,Ripley,Rockwood,Rogersville,Savannah,Selmer,Sevierville,Shelbyville,Signal Mountain,Smithville,Smyrna,Soddy Daisy,Somerville,Sparta,Springfield,Sweetwater,Tazewell,Trenton,Tullahoma,Union City,Wartburg,Waverly,Waynesboro,White House,Winchester,Woodbury
SD	southdakota	Aberdeen,Belle Fourche,Brookings,Chamberlain,Clark,Custer,Eagle Butte,Hot Springs,Huron,Madison,Milbank,Mitchell,Mobridge,Pierre,Rapid City,Sioux Falls,Sisseton,Spearfish,Sturgis,Vermillion,Watertown,Winner,Yankton
SC	southcarolina	Abbeville,Aiken,Anderson,Andrews,Bamberg,Barnwell,Batesburg,Beaufort,Belton,Bennettsville,Bishopville,Bluffton,Camden,Cayce,Chapin,Charleston,Cheraw,Chesnee,Chester,Chesterfield,Clemson,Clinton,Clover,Columbia,Conway,Darlington,Dillon,Duncan,Easley,Edgefield,Florence,Fort Mill,Fountain Inn,Gaffney,Georgetown,Goose Creek,Greenville,Greenwood,Greer,Hampton,Hardeeville,Hartsville,Hilton Head Island,Inman,Irmo,Johns Island,Kingstree,Lake City,Lancaster,Landrum,Laurens,Leesville,Lexington,Little River,Longs,Loris,Lugoff,Lyman,Manning,Marion,Mauldin,Mc Cormick,Moncks Corner,Mount Pleasant,Mullins,Murrells Inlet,Myrtle Beach,Newberry,North Augusta,North Charleston,North Myrtle Beach,Orangeburg,Pageland,Pawleys Island,Pendleton,Pickens,Piedmont,Ridgeland,Rock Hill,Saint George,Saint Matthews,Saluda,Seneca,Simpsonville,Spartanburg,Summerville,Sumter,Taylors,Travelers Rest,Union,Walhalla,Walterboro,West Columbia,Westminster,Winnsboro,Woodruff,York
RI	rhodeisland	Barrington,Bristol,Central Falls,Coventry,Cranston,Cumberland,East Greenwich,East Providence,Johnston,Lincoln,Middletown,Narragansett,Newport,North Kingstown,North Providence,North Smithfield,Pawtucket,Portsmouth,Providence,Riverside,Rumford,Smithfield,Tiverton,Wakefield,Warren,Warwick,West Warwick,Westerly,Woonsocket
PA	pennsylvania	Abington,Akron,Aliquippa,Allentown,Allison Park,Altoona,Ambler,Ambridge,Annville,Apollo,Ardmore,Aston,Avondale,Bala Cynwyd,Bangor,Bath,Beaver,Beaver Falls,Bedford,Belle Vernon,Bellefonte,Bensalem,Berwick,Berwyn,Bethel Park,Bethlehem,Birdsboro,Blairsville,Bloomsburg,Blue Bell,Boyertown,Bradford,Bridgeville,Bristol,Brodheadsville,Brookhaven,Brookville,Broomall,Brownsville,Bryn Mawr,Buckingham,Burgettstown,Butler,Camp Hill,Canonsburg,Carbondale,Carlisle,Carnegie,Catasauqua,Chadds Ford,Chalfont,Chambersburg,Charleroi,Cheltenham,Chester,Chester Heights,Chester Springs,Clairton,Clarion,Clarks Summit,Clearfield,Clifton Heights,Coatesville,Collegeville,Columbia,Connellsville,Conshohocken,Coopersburg,Coplay,Coraopolis,Corry,Coudersport,Cranberry Twp,Dallas,Danville,Darby,Delmont,Denver,Devon,Dickson City,Dillsburg,Douglassville,Dover,Downingtown,Doylestown,Drexel Hill,Du Bois,Duncansville,East Stroudsburg,Easton,Ebensburg,Edinboro,Elizabeth,Elizabethtown,Elkins Park,Ellwood City,Emmaus,Enola,Ephrata,Erie,Everett,Export,Exton,Fairless Hills,Fairview,Feasterville Trevose,Fleetwood,Flourtown,Folsom,Ford City,Fort Washington,Frackville,Franklin,Gap,Gettysburg,Gibsonia,Gilbertsville,Girard,Gladwyne,Glen Mills,Glenolden,Glenshaw,Glenside,Greencastle,Greensburg,Greenville,Grove City,Hamburg,Hanover,Harleysville,Harrisburg,Hatboro,Hatfield,Haverford,Havertown,Hawley,Hazleton,Hellertown,Hermitage,Hershey,Hollidaysburg,Homestead,Honesdale,Honey Brook,Horsham,Hummelstown,Huntingdon,Huntingdon Valley,Imperial,Indiana,Irwin,Jamison,Jeannette,Jenkintown,Jersey Shore,Jim Thorpe,Johnstown,Kane,Kennett Square,King of Prussia,Kingston,Kittanning,Kutztown,Lafayette Hill,Lake Ariel,Lancaster,Langhorne,Lansdale,Lansdowne,Latrobe,Lebanon,Leechburg,Leesport,Lehighton,Lemoyne,Leola,Levittown,Lewisburg,Lewistown,Ligonier,Lititz,Littlestown,Lock Haven,MacUngie,Malvern,Manheim,Mansfield,Marcus Hook,Mars,Mc Connellsburg,Mc Kees Rocks,Mc Keesport,Meadville,Mechanicsburg,Media,Mercer,Mercersburg,Middletown,Mifflinburg,Mifflintown,Milford,Millersburg,Millersville,Milton,Mohnton,Monaca,Monessen,Monongahela,Monroeville,Montgomeryville,Montoursville,Montrose,Morgantown,Morrisville,Moscow,Mount Carmel,Mount Joy,Mount Pleasant,Mount Pocono,Mountain Top,Muncy,Murrysville,Myerstown,Nanticoke,Narberth,Natrona Heights,Nazareth,New Brighton,New Castle,New Cumberland,New Holland,New Hope,New Kensington,New Oxford,Newport,Newtown,Newtown Square,Newville,Norristown,North East,North Versailles,North Wales,Northampton,Northumberland,Oakdale,Oakmont,Oil City,Old Forge,Olyphant,Orwigsburg,Oxford,Palmerton,Palmyra,Paoli,Pennsburg,Perkasie,Philadelphia,Philipsburg,Phoenixville,Pittsburgh,Pittston,Plymouth Meeting,Pottstown,Pottsville,Punxsutawney,Quakertown,Quarryville,Reading,Red Lion,Richboro,Ridgway,Ridley Park,Rochester,Royersford,Saint Marys,Saylorsburg,Sayre,Schuylkill Haven,Scottdale,Scranton,Selinsgrove,Sellersville,Sewickley,Shamokin,Sharon,Sharon Hill,Sharpsville,Shavertown,Shenandoah,Shippensburg,Shrewsbury,Slatington,Slippery Rock,Somerset,Souderton,Southampton,Spring City,Springfield,State College,Strasburg,Stroudsburg,Sunbury,Swarthmore,Tamaqua,Tannersville,Tarentum,Telford,Temple,Titusville,Towanda,Troy,Tunkhannock,Turtle Creek,Tyrone,Uniontown,Upper Darby,Vandergrift,Verona,Warminster,Warren,Warrington,Washington,Waterford,Wayne,Waynesboro,Waynesburg,Wellsboro,West Chester,West Grove,West Mifflin,Wexford,Whitehall,Wilkes Barre,Williamsport,Willow Grove,Willow Street,Wind Gap,Windber,Wynnewood,Wyoming,York,Zelienople
OR	oregon	Albany,Ashland,Astoria,Aurora,Baker City,Bandon,Beaverton,Bend,Boring,Brookings,Burns,Canby,Central Point,Clackamas,Coos Bay,Corvallis,Cottage Grove,Dallas,Enterprise,Estacada,Eugene,Florence,Forest Grove,Gold Beach,Grants Pass,Gresham,Hermiston,Hillsboro,Hood River,John Day,Junction City,Klamath Falls,La Grande,La Pine,Lake Oswego,Lakeview,Lebanon,Lincoln City,Madras,McMinnville,Medford,Milton Freewater,Molalla,Myrtle Creek,Newberg,Newport,North Bend,Ontario,Oregon City,Pendleton,Philomath,Portland,Prineville,Redmond,Reedsport,Roseburg,Saint Helens,Salem,Sandy,Scappoose,Seaside,Sherwood,Silverton,Sisters,Springfield,Stayton,Sweet Home,The Dalles,Tillamook,Troutdale,Tualatin,Waldport,Warrenton,West Linn,White City,Wilsonville,Woodburn
OK	oklahoma	Ada,Altus,Alva,Anadarko,Antlers,Ardmore,Atoka,Bartlesville,Bethany,Bixby,Blackwell,Blanchard,Bristow,Broken Arrow,Broken Bow,Catoosa,Chandler,Checotah,Chickasha,Choctaw,Claremore,Cleveland,Clinton,Collinsville,Cordell,Coweta,Cushing,Duncan,Durant,Edmond,El Reno,Elk City,Enid,Eufaula,Fairview,Frederick,Grove,Guthrie,Guymon,Hennessey,Henryetta,Hobart,Holdenville,Hugo,Idabel,Jay,Jenks,Kingfisher,Kingston,Lawton,Lindsay,Locust Grove,Lone Grove,Madill,Mannford,Marietta,Marlow,McAlester,McLoud,Miami,Muldrow,Muskogee,Mustang,Newcastle,Norman,Oklahoma City,Okmulgee,Owasso,Pauls Valley,Pawhuska,Perry,Ponca City,Poteau,Pryor,Purcell,Sallisaw,Sand Springs,Sapulpa,Seminole,Shawnee,Skiatook,Spiro,Stigler,Stillwater,Stilwell,Sulphur,Tahlequah,Tecumseh,Tishomingo,Tulsa,Valliant,Vinita,Wagoner,Watonga,Weatherford,Wewoka,Wilburton,Woodward,Yukon
OH	ohio	Akron,Alliance,Amelia,Amherst,Archbold,Ashland,Ashtabula,Athens,Aurora,Avon,Avon Lake,Barberton,Barnesville,Batavia,Beachwood,Bedford,Bellaire,Bellbrook,Bellefontaine,Bellevue,Belpre,Berea,Bowling Green,Brecksville,Broadview Heights,Brookville,Brunswick,Bryan,Bucyrus,Burton,Cadiz,Cambridge,Canal Fulton,Canal Winchester,Canfield,Canton,Carrollton,Celina,Chagrin Falls,Chardon,Chesterland,Chillicothe,Cincinnati,Circleville,Cleveland,Cleves,Clyde,Columbia Station,Columbiana,Columbus,Conneaut,Cortland,Coshocton,Cuyahoga Falls,Dayton,Defiance,Delaware,Delphos,Dover,Dublin,East Liverpool,Eaton,Elyria,Englewood,Fairborn,Fairfield,Findlay,Fostoria,Franklin,Fremont,Galion,Gallipolis,Galloway,Geneva,Georgetown,Germantown,Girard,Goshen,Grafton,Granville,Greenfield,Greenville,Grove City,Groveport,Hamilton,Harrison,Hartville,Heath,Hebron,Hilliard,Hillsboro,Holland,Hubbard,Hudson,Huron,Independence,Ironton,Jackson,Jefferson,Johnstown,Kent,Kenton,Lancaster,Lebanon,Lewis Center,Lima,Lisbon,Lockbourne,Logan,London,Lorain,Louisville,Loveland,Madison,Mansfield,Maple Heights,Marietta,Marion,Martins Ferry,Marysville,Mason,Massillon,Maumee,Medina,Mentor,Miamisburg,Middlefield,Middletown,Milford,Millersburg,Minerva,Mogadore,Monroe,Mount Gilead,Mount Vernon,Napoleon,New Albany,New Carlisle,New Lexington,New Philadelphia,Newark,Newton Falls,Niles,North Lima,North Olmsted,North Royalton,Northfield,Norwalk,Novelty,Oak Harbor,Oberlin,Olmsted Falls,Oregon,Orrville,Ottawa,Oxford,Painesville,Pataskala,Paulding,Perrysburg,Pickerington,Piqua,Plain City,Pomeroy,Port Clinton,Portsmouth,Powell,Ravenna,Reynoldsburg,Richfield,Saint Clairsville,Saint Marys,Salem,Sandusky,Shelby,Sidney,Solon,Springboro,Springfield,Steubenville,Stow,Streetsboro,Strongsville,Sunbury,Swanton,Sylvania,Tallmadge,Tiffin,Tipp City,Toledo,Toronto,Troy,Twinsburg,Uhrichsville,Uniontown,Upper Sandusky,Urbana,Van Wert,Vandalia,Vermilion,Wadsworth,Wapakoneta,Warren,Washington Court Hou,Wauseon,Waverly,Waynesville,Wellington,West Chester,West Union,Westerville,Westlake,Wheelersburg,Wickliffe,Willard,Willoughby,Wilmington,Wooster,Xenia,Yellow Springs,Youngstown,Zanesville
WY	wyoming	Afton,Buffalo,Casper,Cheyenne,Cody,Douglas,Dubois,Evanston,Gillette,Green River,Jackson,Lander,Laramie,Newcastle,Pinedale,Powell,Rawlins,Riverton,Rock Springs,Sheridan,Thermopolis,Torrington,Wheatland,Worland
ND	northdakota	Bismarck,Bottineau,Cavalier,Devils Lake,Dickinson,Fargo,Grafton,Grand Forks,Jamestown,Langdon,Mandan,Minot,New Town,Rolla,Valley City,Wahpeton,West Fargo,Williston
NY	newyork	Albany,Albertson,Albion,Alfred,Amityville,Amsterdam,Ardsley,Armonk,Astoria,Auburn,Avon,Babylon,Baldwin,Baldwinsville,Ballston Spa,Batavia,Bath,Bay Shore,Bayport,Bayside,Beacon,Bedford,Bedford Hills,Bellerose,Bellmore,Bellport,Bethpage,Binghamton,Bohemia,Boonville,Brentwood,Brewster,Briarcliff Manor,Bridgehampton,Brockport,Bronx,Bronxville,Brooklyn,Buffalo,Cambria Heights,Camillus,Canandaigua,Canastota,Canton,Carle Place,Carmel,Carthage,Castleton On Hudson,Catskill,Cazenovia,Cedarhurst,Center Moriches,Centereach,Central Islip,Central Square,Central Valley,Champlain,Chappaqua,Chatham,Chester,Cicero,Clarence,Clifton Park,Clifton Springs,Clinton,Cobleskill,Cohoes,Cold Spring,College Point,Commack,Congers,Cooperstown,Copiague,Coram,Corning,Corona,Cortland,Cortlandt Manor,Croton On Hudson,Dansville,Deer Park,Delhi,Delmar,Depew,Deposit,Dobbs Ferry,Dunkirk,East Amherst,East Aurora,East Elmhurst,East Greenbush,East Hampton,East Islip,East Meadow,East Northport,East Rochester,East Rockaway,East Setauket,East Syracuse,Eastchester,Ellenville,Elma,Elmhurst,Elmira,Elmont,Elmsford,Endicott,Fairport,Far Rockaway,Farmingdale,Farmingville,Fayetteville,Fishkill,Floral Park,Florida,Flushing,Forest Hills,Franklin Square,Fredonia,Freeport,Fresh Meadows,Fulton,Garden City,Geneseo,Geneva,Glen Cove,Glen Head,Glens Falls,Gloversville,Goshen,Gouverneur,Grand Island,Great Neck,Greene,Greenport,Hamburg,Hampton Bays,Harrison,Hartsdale,Hastings On Hudson,Hauppauge,Haverstraw,Hawthorne,Hempstead,Henrietta,Herkimer,Hewlett,Hicksville,Highland,Hilton,Holbrook,Hollis,Holtsville,Honeoye Falls,Hopewell Junction,Hornell,Horseheads,Howard Beach,Hudson,Hudson Falls,Huntington,Huntington Station,Hyde Park,Inwood,Irvington,Island Park,Islip,Ithaca,Jackson Heights,Jamaica,Jamestown,Jericho,Johnson City,Johnstown,Katonah,Kew Gardens,Kinderhook,Kings Park,Kingston,Lagrangeville,Lake George,Lake Grove,Lake Placid,Lakewood,Lancaster,Larchmont,Latham,Lawrence,Levittown,Lewiston,Liberty,Lindenhurst,Little Falls,Little Neck,Liverpool,Lockport,Locust Valley,Long Beach,Long Island City,Lowville,Lynbrook,Lyons,MacEdon,Mahopac,Malone,Mamaroneck,Manhasset,Manlius,Maspeth,Massapequa,Massapequa Park,Massena,Mastic,Mattituck,Mayville,Mechanicville,Medford,Medina,Melville,Merrick,Middle Island,Middle Village,Middleburgh,Middletown,Millbrook,Miller Place,Millerton,Mineola,Monroe,Monsey,Montauk,Montgomery,Monticello,Mount Kisco,Mount Sinai,Mount Vernon,Nanuet,Nassau,Nesconset,New City,New Hartford,New Hyde Park,New Paltz,New Rochelle,New Windsor,New York,Newark,Newburgh,Niagara Falls,North Babylon,North Tonawanda,Northport,Norwich,Nyack,Oakdale,Oakland Gardens,Oceanside,Ogdensburg,Olean,Oneida,Oneonta,Ontario,Orangeburg,Orchard Park,Ossining,Oswego,Owego,Oyster Bay,Ozone Park,Palmyra,Patchogue,Patterson,Pawling,Pearl River,Peekskill,Pelham,Penfield,Penn Yan,Pine Bush,Pine Plains,Pittsford,Plainview,Plattsburgh,Pleasant Valley,Pleasantville,Pomona,Port Chester,Port Jefferson,Port Jervis,Port Washington,Potsdam,Poughkeepsie,Pulaski,Putnam Valley,Queens Village,Queensbury,Ravena,Red Hook,Rego Park,Rensselaer,Rhinebeck,Richmond Hill,Ridgewood,Riverhead,Rochester,Rockaway Park,Rockville Centre,Rocky Point,Rome,Ronkonkoma,Rosedale,Roslyn,Roslyn Heights,Rye,Sag Harbor,Saint Albans,Saint James,Saranac Lake,Saratoga Springs,Saugerties,Sayville,Scarsdale,Schenectady,Seaford,Selden,Seneca Falls,Shirley,Sidney,Skaneateles,Smithtown,Somers,South Ozone Park,South Richmond Hill,Southampton,Southold,Spencerport,Spring Valley,Springfield Gardens,Springville,Staten Island,Stony Brook,Stony Point,Suffern,Sunnyside,Syosset,Syracuse,Tarrytown,Thornwood,Tonawanda,Troy,Trumansburg,Tuckahoe,Uniondale,Utica,Valatie,Valhalla,Valley Stream,Vestal,Victor,Walden,Wallkill,Walton,Wantagh,Wappingers Falls,Warsaw,Warwick,Washingtonville,Waterloo,Watertown,Watervliet,Watkins Glen,Webster,Wellsville,West Babylon,West Hempstead,West Islip,West Nyack,Westbury,Westfield,Westhampton Beach,White Plains,Whitesboro,Whitestone,Williston Park,Woodbury,Woodhaven,Woodmere,Woodside,Woodstock,Wyandanch,Yaphank,Yonkers,Yorktown Heights
UT	utah	American Fork,Bountiful,Brigham City,Cedar City,Centerville,Clearfield,Delta,Draper,Farmington,Fillmore,Heber City,Hurricane,Kanab,Kaysville,Layton,Lehi,Lindon,Logan,Magna,Midvale,Moab,Nephi,North Salt Lake,Ogden,Orem,Park City,Payson,Pleasant Grove,Price,Provo,Richfield,Riverton,Roosevelt,Roy,Saint George,Salt Lake City,Salt Lake Cty,Sandy,South Jordan,Spanish Fork,Springville,Tooele,Tremonton,Vernal,West Jordan
NH	newhampshire	Amherst,Bedford,Berlin,Bow,Claremont,Concord,Contoocook,Conway,Derry,Dover,Durham,Epsom,Exeter,Franklin,Goffstown,Hampton,Hanover,Hillsboro,Hollis,Hooksett,Hudson,Keene,Laconia,Lebanon,Littleton,Londonderry,Manchester,Meredith,Merrimack,Milford,Nashua,New London,Newport,North Conway,North Hampton,Pelham,Peterborough,Plaistow,Plymouth,Portsmouth,Rochester,Salem,Seabrook,Somersworth,Stratham,Suncook,Tilton,Weare,West Lebanon,Windham,Wolfeboro
NV	nevada	Boulder City,Carson City,Crystal Bay,Elko,Ely,Fallon,Fernley,Gardnerville,Henderson,Incline Village,Las Vegas,Laughlin,Mesquite,Minden,North Las Vegas,Pahrump,Reno,Sparks,Stateline,Winnemucca,Yerington,Zephyr Cove
WV	westvirginia	Barboursville,Beckley,Berkeley Springs,Bluefield,Bridgeport,Buckhannon,Charles Town,Charleston,Clarksburg,Elkins,Fairmont,Fayetteville,Grafton,Hinton,Huntington,Hurricane,Keyser,Kingwood,Lewisburg,Logan,Martinsburg,Milton,Moorefield,Morgantown,Moundsville,New Martinsville,Nitro,Oak Hill,Parkersburg,Petersburg,Philippi,Point Pleasant,Princeton,Ravenswood,Ripley,Romney,Saint Albans,Scott Depot,Shepherdstown,Spencer,Summersville,Vienna,Weirton,Welch,Wellsburg,Weston,Wheeling,Williamson
TX	texas	Abilene,Addison,Aledo,Alice,Alief,Allen,Alpine,Alvarado,Alvin,Amarillo,Anahuac,Andrews,Angleton,Aransas Pass,Arlington,Athens,Atlanta,Austin,Azle,Bandera,Barker,Bastrop,Bay City,Baytown,Beaumont,Bedford,Beeville,Bellaire,Bellville,Belton,Big Spring,Boerne,Bonham,Borger,Bowie,Brady,Brazoria,Breckenridge,Brenham,Bridge City,Bridgeport,Brookshire,Brownfield,Brownsville,Brownwood,Bryan,Buda,Buffalo,Bulverde,Burkburnett,Burleson,Burnet,Caldwell,Cameron,Canadian,Canton,Canyon,Canyon Lake,Carrizo Springs,Carrollton,Carthage,Cedar Hill,Cedar Park,Center,Channelview,Childress,Clarksville,Cleburne,Cleveland,Clifton,Clute,Coldspring,Coleman,College Station,Colleyville,Columbus,Comanche,Comfort,Commerce,Conroe,Coppell,Copperas Cove,Corpus Christi,Corsicana,Crockett,Crosby,Crowley,Crp Christi,Crystal City,Cuero,Cypress,Dalhart,Dallas,Dayton,Decatur,Deer Park,Del Rio,Denison,Denton,Denver City,Desoto,Devine,Dickinson,Dimmitt,Donna,Dripping Springs,Dumas,Duncanville,Eagle Pass,Eastland,Edinburg,Edna,El Campo,El Paso,Elgin,Ennis,Euless,Fairfield,Falfurrias,Floresville,Flower Mound,Forney,Fort Stockton,Fort Worth,Frankston,Fredericksburg,Freeport,Friendswood,Frisco,Gainesville,Galveston,Garland,Gatesville,Georgetown,Giddings,Gilmer,Gladewater,Glen Rose,Gonzales,Graham,Granbury,Grand Prairie,Grapevine,Greenville,Groesbeck,Groves,Hallettsville,Haltom City,Hamilton,Harker Heights,Harlingen,Hearne,Helotes,Hemphill,Hempstead,Henderson,Hereford,Hidalgo,Hillsboro,Hitchcock,Hondo,Houston,Humble,Huntsville,Hurst,Ingram,Irving,Jacksboro,Jacksonville,Jasper,Jefferson,Justin,Katy,Kaufman,Keller,Kemah,Kemp,Kennedale,Kermit,Kerrville,Kilgore,Killeen,Kingsland,Kingsville,Kountze,Kyle,La Grange,La Marque,La Porte,Lake Dallas,Lake Jackson,Lamesa,Lampasas,Lancaster,Laredo,League City,Leander,Levelland,Lewisville,Liberty,Lindale,Littlefield,Livingston,Llano,Lockhart,Longview,Lubbock,Lufkin,Luling,Lumberton,Mabank,Madisonville,Magnolia,Manchaca,Mansfield,Manvel,Marble Falls,Marlin,Marshall,Mathis,Mc Kinney,McAllen,Mercedes,Mesquite,Mexia,Midland,Midlothian,Mineola,Mineral Wells,Mission,Missouri City,Monahans,Montgomery,Mount Pleasant,Mount Vernon,Muleshoe,Nacogdoches,Navasota,Nederland,Needville,New Boston,New Braunfels,Nocona,North Richland Hills,Odessa,Orange,Palestine,Pampa,Paris,Pasadena,Pearland,Pearsall,Pecos,Perryton,Pflugerville,Pharr,Pinehurst,Pittsburg,Plainview,Plano,Pleasanton,Port Aransas,Port Arthur,Port Isabel,Port Lavaca,Port Neches,Porter,Portland,Post,Quinlan,Quitman,Raymondville,Red Oak,Refugio,Richardson,Richmond,Rio Grande City,Roanoke,Robstown,Rockdale,Rockport,Rockwall,Rosenberg,Round Rock,Rowlett,Rusk,San Angelo,San Antonio,San Augustine,San Benito,San Juan,San Marcos,San Saba,Sanger,Santa Fe,Schertz,Schulenburg,Seabrook,Seagoville,Sealy,Seguin,Seminole,Sherman,Silsbee,Sinton,Slaton,Smithville,Snyder,Sonora,South Houston,South Padre Island,Southlake,Spearman,Splendora,Spring,Spring Branch,Stafford,Stephenville,Sugar Land,Sulphur Springs,Sunnyvale,Sweetwater,Taylor,Temple,Terrell,Texarkana,Texas City,The Colony,Tomball,Trinity,Tulia,Tyler,Universal City,Uvalde,Vernon,Victoria,Vidor,Waco,Waller,Waxahachie,Weatherford,Webster,Weslaco,West Columbia,Wharton,Whitehouse,Whitney,Wichita Falls,Willis,Wills Point,Wimberley,Winnie,Winnsboro,Woodville,Woodway,Wylie,Yoakum,Zapata
NE	nebraska	Albion,Alliance,Auburn,Aurora,Beatrice,Bellevue,Benkelman,Blair,Broken Bow,Chadron,Columbus,Cozad,Crete,David City,Elkhorn,Fairbury,Falls City,Fremont,Gering,Gothenburg,Grand Island,Hartington,Hastings,Holdrege,Imperial,Kearney,Kimball,La Vista,Lexington,Lincoln,Mc Cook,Minden,Nebraska City,Norfolk,North Platte,Ogallala,Omaha,Oneill,Ord,Papillion,Plattsmouth,Scottsbluff,Seward,Sidney,South Sioux City,Superior,Valentine,Wahoo,Wayne,West Point,York
MT	montana	Anaconda,Baker,Belgrade,Big Sky,Big Timber,Bigfork,Billings,Bozeman,Browning,Butte,Chinook,Choteau,Columbia Falls,Conrad,Cut Bank,Dillon,Ennis,Eureka,Glasgow,Glendive,Great Falls,Hamilton,Hardin,Havre,Helena,Kalispell,Laurel,Lewistown,Libby,Livingston,Malta,Miles City,Missoula,Plentywood,Polson,Poplar,Red Lodge,Ronan,Roundup,Shelby,Sidney,Stevensville,Whitefish,Wolf Point
MO	missouri	Arnold,Aurora,Ava,Ballwin,Belton,Bethany,Blue Springs,Bolivar,Bonne Terre,Boonville,Bowling Green,Branson,Bridgeton,Brookfield,Buffalo,Butler,California,Camdenton,Cameron,Cape Girardeau,Carrollton,Carthage,Caruthersville,Cassville,Chesterfield,Chillicothe,Clinton,Columbia,Cuba,De Soto,Dexter,Doniphan,El Dorado Springs,Eldon,Eureka,Excelsior Springs,Farmington,Fayette,Fenton,Festus,Florissant,Forsyth,Fredericktown,Fulton,Grandview,Gravois Mills,Hannibal,Harrisonville,Hazelwood,Hermann,Higginsville,High Ridge,Hillsboro,Hollister,Houston,Imperial,Independence,Jackson,Jefferson City,Joplin,Kansas City,Kearney,Kennett,Kimberling City,Kirksville,Lake Ozark,Lamar,Lebanon,Lees Summit,Lexington,Liberty,Linn,MacOn,Malden,Marshall,Marshfield,Maryland Heights,Maryville,Mexico,Moberly,Monett,Mount Vernon,Mountain Grove,Neosho,Nevada,Nixa,O Fallon,Oak Grove,Odessa,Osage Beach,Owensville,Ozark,Pacific,Park Hills,Perryville,Platte City,Pleasant Hill,Poplar Bluff,Potosi,Reeds Spring,Republic,Richmond,Rogersville,Rolla,Saint Ann,Saint Charles,Saint Clair,Saint James,Saint Joseph,Saint Louis,Saint Peters,Saint Robert,Sainte Genevieve,Salem,Savannah,Sedalia,Sikeston,Smithville,Springfield,Steelville,Sullivan,Trenton,Troy,Union,Valley Park,Versailles,Warrensburg,Warrenton,Warsaw,Washington,Waynesville,Webb City,Wentzville,West Plains
NM	newmexico	Alamogordo,Albuquerque,Artesia,Aztec,Belen,Bernalillo,Carlsbad,Clayton,Clovis,Crownpoint,Deming,Espanola,Farmington,Gallup,Grants,Hobbs,Las Cruces,Las Vegas,Los Alamos,Los Lunas,Lovington,Portales,Raton,Rio Rancho,Roswell,Ruidoso,Santa Fe,Santa Rosa,Shiprock,Silver City,Socorro,Taos,Tijeras,Truth or Consequence,Tucumcari
MI	michigan	Ada,Adrian,Albion,Algonac,Allegan,Allen Park,Allendale,Alma,Alpena,Ann Arbor,Auburn Hills,Bad Axe,Battle Creek,Bay City,Belding,Bellaire,Belleville,Benton Harbor,Berkley,Berrien Springs,Big Rapids,Birch Run,Birmingham,Bloomfield Hills,Boyne City,Brighton,Brooklyn,Buchanan,Burton,Byron Center,Cadillac,Caledonia,Calumet,Canton,Caro,Cass City,Cassopolis,Cedar Springs,Center Line,Charlevoix,Charlotte,Cheboygan,Chelsea,Chesaning,Clare,Clarkston,Clawson,Clinton Township,Clio,Coldwater,Coloma,Commerce Township,Comstock Park,Coopersville,Davison,Dearborn,Dearborn Heights,Delton,Detroit,Dewitt,Dexter,Dowagiac,Durand,East Lansing,East Tawas,Eastpointe,Eaton Rapids,Edwardsburg,Escanaba,Essexville,Farmington,Fenton,Ferndale,Flat Rock,Flint,Flushing,Fort Gratiot,Fowlerville,Frankenmuth,Franklin,Fraser,Freeland,Fremont,Garden City,Gaylord,Gladwin,Grand Blanc,Grand Haven,Grand Ledge,Grand Rapids,Grandville,Grayling,Greenville,Grosse Ile,Grosse Pointe,Hamtramck,Hancock,Harbor Springs,Harper Woods,Harrison,Harrison Township,Hart,Haslett,Hastings,Hazel Park,Highland,Highland Park,Hillsdale,Holland,Holly,Holt,Houghton,Houghton Lake,Howell,Hudsonville,Imlay City,Inkster,Ionia,Iron Mountain,Iron River,Ironwood,Ishpeming,Jackson,Jenison,Jonesville,Kalamazoo,Kalkaska,Lake City,Lake Orion,Lambertville,Lanse,Lansing,Lapeer,Lincoln Park,Linden,Livonia,Lowell,Ludington,MacOmb,Madison Heights,Manistee,Manistique,Marine City,Marlette,Marquette,Marshall,Marysville,Mason,Melvindale,Menominee,Metamora,Middleville,Midland,Milan,Milford,Millington,Monroe,Mount Clemens,Mount Morris,Mount Pleasant,Munising,Muskegon,New Baltimore,New Buffalo,Newaygo,Newberry,Niles,Northville,Novi,Oak Park,Okemos,Ontonagon,Ortonville,Oscoda,Otsego,Owosso,Oxford,Paw Paw,Petoskey,Pigeon,Pinckney,Pinconning,Plainwell,Plymouth,Pontiac,Port Huron,Portage,Redford,Reed City,Richland,Richmond,Rochester,Rockford,Rogers City,Romeo,Romulus,Roscommon,Roseville,Royal Oak,Saginaw,Saint Clair,Saint Clair Shores,Saint Ignace,Saint Johns,Saint Joseph,Saline,Sandusky,Sanford,Saugatuck,Sault Sainte Marie,South Haven,South Lyon,Southfield,Southgate,Sparta,Spring Lake,Standish,Sterling Heights,Stevensville,Sturgis,Suttons Bay,Swartz Creek,Tawas City,Taylor,Tecumseh,Temperance,Three Rivers,Traverse City,Trenton,Troy,Utica,Vassar,Vicksburg,Walled Lake,Warren,Washington,Waterford,Wayland,Wayne,West Bloomfield,West Branch,West Olive,Westland,White Cloud,White Lake,Whitehall,Whitmore Lake,Williamston,Wixom,Wyandotte,Ypsilanti,Zeeland
MA	massachusetts	Abington,Acton,Adams,Agawam,Allston,Amesbury,Amherst,Andover,Arlington,Ashland,Athol,Attleboro,Auburn,Avon,Ayer,Bedford,Belchertown,Bellingham,Belmont,Beverly,Billerica,Boston,Braintree,Brewster,Bridgewater,Brighton,Brockton,Brookline,Burlington,Buzzards Bay,Cambridge,Canton,Carver,Centerville,Charlestown,Charlton,Chatham,Chelmsford,Chelsea,Chestnut Hill,Chicopee,Clinton,Cohasset,Concord,Danvers,Dartmouth,Dedham,Dennis,Dracut,Duxbury,East Bridgewater,East Falmouth,East Longmeadow,Easthampton,Easton,Edgartown,Everett,Fairhaven,Fall River,Falmouth,Feeding Hills,Fitchburg,Florence,Foxboro,Framingham,Franklin,Gardner,Georgetown,Gloucester,Great Barrington,Greenfield,Groton,Hadley,Hanover,Harwich,Haverhill,Hingham,Holbrook,Holden,Holliston,Holyoke,Hopkinton,Hudson,Hull,Hyannis,Hyde Park,Indian Orchard,Ipswich,Jamaica Plain,Kingston,Lakeville,Lawrence,Lee,Lenox,Leominster,Lexington,Littleton,Longmeadow,Lowell,Ludlow,Lunenburg,Lynn,Lynnfield,Malden,Manchester,Mansfield,Marblehead,Marlborough,Marshfield,Mashpee,Mattapan,Mattapoisett,Maynard,Medfield,Medford,Medway,Melrose,Methuen,Middleboro,Middleton,Milford,Millbury,Millis,Milton,Nantucket,Natick,Needham,New Bedford,Newburyport,Newton,North Adams,North Andover,North Attleboro,North Billerica,North Chelmsford,North Dartmouth,North Reading,Northampton,Northborough,Norton,Norwell,Norwood,Oak Bluffs,Orange,Orleans,Osterville,Oxford,Palmer,Peabody,Pembroke,Pepperell,Pittsfield,Plainville,Plymouth,Provincetown,Quincy,Randolph,Raynham,Reading,Rehoboth,Revere,Rockland,Rockport,Roslindale,Rowley,Salem,Salisbury,Sandwich,Saugus,Scituate,Seekonk,Sharon,Shrewsbury,Somerset,Somerville,South Dennis,South Hadley,South Yarmouth,Southborough,Southbridge,Southwick,Spencer,Springfield,Sterling,Stoneham,Stoughton,Sturbridge,Sudbury,Swampscott,Swansea,Taunton,Tewksbury,Topsfield,Tyngsboro,Uxbridge,Vineyard Haven,Wakefield,Walpole,Waltham,Ware,Wareham,Watertown,Wayland,Webster,Wellesley,West Boylston,West Bridgewater,West Roxbury,West Springfield,West Yarmouth,Westborough,Westfield,Westford,Weston,Westport,Westwood,Weymouth,Whitinsville,Whitman,Wilbraham,Williamstown,Wilmington,Winchendon,Winchester,Winthrop,Woburn,Worcester,Wrentham,Yarmouth Port
MD	maryland	Aberdeen,Abingdon,Annapolis,Arnold,Ashton,Baltimore,Bel Air,Beltsville,Berlin,Bethesda,Bladensburg,Bowie,Brandywine,Brooklyn,Burtonsville,California,Cambridge,Capitol Heights,Catonsville,Centreville,Chester,Chestertown,Chevy Chase,Clarksville,Clinton,Cockeysville,College Park,Columbia,Crofton,Cumberland,Damascus,Denton,District Heights,Dundalk,Dunkirk,Easton,Edgewater,Edgewood,Elkridge,Elkton,Ellicott City,Essex,Fallston,Finksburg,Forest Hill,Fork,Fort Washington,Frederick,Frostburg,Gaithersburg,Gambrills,Germantown,Glen Burnie,Greenbelt,Gwynn Oak,Hagerstown,Halethorpe,Hampstead,Hanover,Havre De Grace,Hunt Valley,Huntingtown,Hyattsville,Jarrettsville,Jessup,Joppa,Kensington,La Plata,Lanham,Laurel,Leonardtown,Lexington Park,Linthicum Heights,Lutherville Timonium,Mechanicsville,Middle River,Middletown,Millersville,Mount Airy,North Beach,North East,Nottingham,Oakland,Ocean City,Odenton,Olney,Owings,Owings Mills,Oxon Hill,Parkville,Pasadena,Pikesville,Pocomoke City,Potomac,Prince Frederick,Princess Anne,Randallstown,Reisterstown,Rising Sun,Riverdale,Rockville,Rosedale,Saint Michaels,Salisbury,Severn,Severna Park,Silver Spring,Solomons,Stevensville,Suitland,Sykesville,Takoma Park,Taneytown,Temple Hills,Thurmont,Towson,Upper Marlboro,Waldorf,Westminster,White Marsh,White Plains,Williamsport,Windsor Mill
NJ	newjersey	Absecon,Allentown,Andover,Asbury Park,Atlantic City,Atlantic Highlands,Avalon,Avenel,Barnegat,Basking Ridge,Bayonne,Bayville,Beach Haven,Bedminster,Belle Mead,Belleville,Bellmawr,Belmar,Belvidere,Bergenfield,Berkeley Heights,Berlin,Bernardsville,Blackwood,Blairstown,Bloomfield,Boonton,Bordentown,Bound Brook,Branchville,Brick,Bridgeton,Bridgewater,Brigantine,Budd Lake,Burlington,Butler,Caldwell,Califon,Camden,Cape May,Cape May Court House,Carlstadt,Carteret,Cedar Grove,Chatham,Cherry Hill,Chester,Clark,Clementon,Cliffside Park,Clifton,Clinton,Closter,Collingswood,Colonia,Colts Neck,Cranbury,Cranford,Deal,Denville,Dover,Dumont,Dunellen,East Brunswick,East Hanover,East Orange,East Rutherford,Eatontown,Edgewater,Edison,Egg Harbor City,Egg Harbor Township,Elizabeth,Elmer,Elmwood Park,Emerson,Englewood,Englewood Cliffs,Englishtown,Fair Lawn,Fairfield,Fairview,Fanwood,Farmingdale,Flanders,Flemington,Florham Park,Forked River,Fort Lee,Franklin,Franklin Lakes,Franklin Park,Franklinville,Freehold,Frenchtown,Garfield,Glassboro,Glen Rock,Gloucester City,Hackensack,Hackettstown,Haddon Heights,Haddonfield,Haledon,Hamburg,Hammonton,Harrison,Hasbrouck Heights,Hawthorne,Hazlet,Highland Park,Hightstown,Hillsborough,Hillside,Hoboken,Holmdel,Hopatcong,Hopewell,Howell,Irvington,Iselin,Jackson,Jersey City,Keansburg,Kearny,Kenilworth,Keyport,Lakehurst,Lakewood,Lambertville,Lebanon,Leonia,Lincoln Park,Linden,Linwood,Little Falls,Little Ferry,Little Silver,Livingston,Lodi,Long Branch,Long Valley,Lyndhurst,Madison,Mahwah,Manahawkin,Manasquan,Maple Shade,Maplewood,Margate City,Marlboro,Marlton,Matawan,Mays Landing,Maywood,Medford,Mendham,Merchantville,Metuchen,Middlesex,Middletown,Midland Park,Milford,Millburn,Millington,Millville,Monmouth Junction,Monroe Township,Montclair,Montvale,Montville,Moonachie,Moorestown,Morganville,Morris Plains,Morristown,Mount Holly,Mount Laurel,Mountainside,Mullica Hill,Neptune,Netcong,New Brunswick,New Providence,Newark,Newfoundland,Newton,North Arlington,North Bergen,North Brunswick,Northfield,Northvale,Nutley,Oakhurst,Oakland,Ocean City,Old Bridge,Oradell,Orange,Palisades Park,Paramus,Park Ridge,Parsippany,Passaic,Paterson,Paulsboro,Pennington,Penns Grove,Pennsauken,Pennsville,Perth Amboy,Phillipsburg,Piscataway,Pitman,Plainfield,Plainsboro,Pleasantville,Point Pleasant Beach,Pompton Lakes,Pompton Plains,Princeton,Princeton Junction,Rahway,Ramsey,Randolph,Raritan,Red Bank,Ridgefield,Ridgefield Park,Ridgewood,Ringwood,River Edge,Riverside,Riverton,Rochelle Park,Rockaway,Roseland,Roselle,Roselle Park,Rumson,Rutherford,Saddle Brook,Saddle River,Salem,Sayreville,Scotch Plains,Sea Isle City,Secaucus,Sewell,Short Hills,Shrewsbury,Sicklerville,Somers Point,Somerset,Somerville,South Amboy,South Hackensack,South Orange,South Plainfield,South River,Sparta,Spring Lake,Springfield,Stratford,Succasunna,Summit,Sussex,Swedesboro,Teaneck,Tenafly,Toms River,Totowa,Trenton,Tuckerton,Union,Union City,Ventnor City,Vernon,Verona,Vincentown,Vineland,Voorhees,Waldwick,Warren,Washington,Watchung,Wayne,West Berlin,West Milford,West New York,West Orange,Westfield,Westwood,Whippany,Whitehouse Station,Whiting,Wildwood,Williamstown,Willingboro,Woodbridge,Woodbury,Woodstown,Wyckoff
KY	kentucky	Albany,Alexandria,Ashland,Barbourville,Bardstown,Benton,Berea,Bowling Green,Brandenburg,Burlington,Cadiz,Campbellsville,Carrollton,Central City,Columbia,Corbin,Covington,Crestwood,Cynthiana,Danville,Edmonton,Elizabethtown,Erlanger,Flemingsburg,Florence,Fort Mitchell,Fort Thomas,Frankfort,Franklin,Georgetown,Glasgow,Grayson,Greenville,Harlan,Harrodsburg,Hazard,Henderson,Hindman,Hopkinsville,Hyden,Independence,Irvine,Jackson,La Grange,Lancaster,Lawrenceburg,Lebanon,Leitchfield,Lexington,Liberty,London,Louisa,Louisville,Madisonville,Manchester,Marion,Mayfield,Maysville,Mc Kee,Middlesboro,Monticello,Morehead,Morganfield,Morgantown,Mount Sterling,Mount Vernon,Mount Washington,Murray,Newport,Nicholasville,Owensboro,Paducah,Paintsville,Paris,Pikeville,Pineville,Prestonsburg,Princeton,Radcliff,Richmond,Russell,Russell Springs,Russellville,Salyersville,Scottsville,Shelbyville,Shepherdsville,Somerset,Springfield,Stanford,Tompkinsville,Versailles,West Liberty,Whitesburg,Williamsburg,Williamstown,Winchester
KS	kansas	Abilene,Andover,Arkansas City,Atchison,Augusta,Baxter Springs,Beloit,Bonner Springs,Burlington,Chanute,Clay Center,Coffeyville,Colby,Columbus,Concordia,Council Grove,Derby,Dodge City,El Dorado,Emporia,Eureka,Fort Scott,Fredonia,Garden City,Gardner,Girard,Goodland,Great Bend,Hays,Hiawatha,Hill City,Holton,Hugoton,Hutchinson,Independence,Iola,Junction City,Kansas City,Kingman,Lakin,Larned,Lawrence,Leavenworth,Liberal,Louisburg,Lyons,Manhattan,Marysville,McPherson,Newton,Norton,Oakley,Oberlin,Olathe,Osage City,Ottawa,Paola,Parsons,Phillipsburg,Pittsburg,Pratt,Russell,Salina,Scott City,Seneca,Shawnee Mission,Topeka,Ulysses,Wa Keeney,Wamego,Wellington,Wichita,Winfield
NC	northcarolina	Aberdeen,Advance,Ahoskie,Albemarle,Angier,Apex,Arden,Asheboro,Asheville,Atlantic Beach,Ayden,Banner Elk,Beaufort,Belmont,Benson,Bessemer City,Black Mountain,Blowing Rock,Bolivia,Boone,Brevard,Bryson City,Burgaw,Burlington,Burnsville,Candler,Canton,Carolina Beach,Carrboro,Carthage,Cary,Cashiers,Chapel Hill,Charlotte,Cherokee,Cherryville,China Grove,Claremont,Clayton,Clemmons,Clinton,Clyde,Columbus,Concord,Connellys Springs,Conover,Cornelius,Creedmoor,Dallas,Davidson,Denton,Denver,Dobson,Dunn,Durham,Eden,Edenton,Elizabeth City,Elizabethtown,Elkin,Farmville,Fayetteville,Fletcher,Forest City,Franklin,Fuquay Varina,Garner,Gastonia,Goldsboro,Graham,Granite Falls,Greensboro,Greenville,Hamlet,Hampstead,Harrisburg,Havelock,Hayesville,Henderson,Hendersonville,Hertford,Hickory,High Point,Highlands,Hillsborough,Holly Ridge,Hope Mills,Hudson,Huntersville,Indian Trail,Jacksonville,Jamestown,Kannapolis,Kernersville,Kill Devil Hills,King,Kings Mountain,Kinston,Kitty Hawk,Knightdale,La Grange,Laurinburg,Leland,Lenoir,Lewisville,Lexington,Liberty,Lillington,Lincolnton,Louisburg,Lumberton,Madison,Maiden,Manteo,Marion,Matthews,Maxton,Mebane,Mocksville,Monroe,Mooresville,Morehead City,Morganton,Morrisville,Mount Airy,Mount Holly,Mount Olive,Murphy,Nags Head,Nashville,New Bern,Newland,Newport,Newton,North Wilkesboro,Oak Island,Oxford,Pembroke,Pinehurst,Pineville,Pittsboro,Plymouth,Raeford,Raleigh,Ramseur,Randleman,Red Springs,Reidsville,Roanoke Rapids,Robbinsville,Rockingham,Rocky Mount,Roxboro,Rutherfordton,Saint Pauls,Salisbury,Sanford,Selma,Shallotte,Shelby,Siler City,Smithfield,Snow Hill,Southern Pines,Southport,Sparta,Spring Lake,Spruce Pine,Stanley,Statesville,Summerfield,Sunset Beach,Supply,Swansboro,Sylva,Tabor City,Tarboro,Taylorsville,Thomasville,Trinity,Troy,Tryon,Valdese,Vale,Wadesboro,Wake Forest,Wallace,Warrenton,Warsaw,Washington,Waxhaw,Waynesville,Weaverville,Wendell,West End,West Jefferson,Whiteville,Wilkesboro,Williamston,Wilmington,Wilson,Windsor,Winston Salem,Winterville,Wrightsville Beach,Yadkinville,Zebulon
MN	minnesota	Ada,Aitkin,Albert Lea,Alexandria,Andover,Annandale,Anoka,Austin,Bagley,Bemidji,Benson,Big Lake,Blue Earth,Brainerd,Buffalo,Burnsville,Caledonia,Cambridge,Cannon Falls,Chanhassen,Chaska,Circle Pines,Cloquet,Cottage Grove,Crookston,Crosslake,Dalton,Deer River,Delano,Detroit Lakes,Duluth,East Grand Forks,Eden Prairie,Elk River,Ely,Excelsior,Fairmont,Faribault,Farmington,Fergus Falls,Forest Lake,Glencoe,Glenwood,Grand Marais,Grand Rapids,Granite Falls,Hastings,Hibbing,Hopkins,Hutchinson,International Falls,Inver Grove Heights,Kasson,La Crescent,Lake City,Lakeville,Lindstrom,Litchfield,Little Falls,Long Prairie,Luverne,Mankato,Maple Lake,Maple Plain,Marshall,Melrose,Minneapolis,Minnetonka,Montevideo,Monticello,Moorhead,Mora,Morris,Mound,New Prague,New Ulm,Nisswa,North Branch,Northfield,Olivia,Osseo,Owatonna,Park Rapids,Paynesville,Pelican Rapids,Pequot Lakes,Perham,Pine City,Pine River,Pipestone,Princeton,Prior Lake,Red Wing,Redwood Falls,Rochester,Rogers,Roseau,Rosemount,Saint Cloud,Saint James,Saint Paul,Saint Peter,Sauk Centre,Sauk Rapids,Savage,Shakopee,Sleepy Eye,South Saint Paul,Spicer,Stillwater,Thief River Falls,Two Harbors,Virginia,Waconia,Wadena,Waite Park,Walker,Waseca,Wayzata,Willmar,Windom,Winona,Worthington,Wyoming,Zumbrota
LA	louisiana	Abbeville,Alexandria,Amite,Arcadia,Baker,Bastrop,Baton Rouge,Belle Chasse,Benton,Bogalusa,Bossier City,Breaux Bridge,Broussard,Bunkie,Cameron,Carencro,Chalmette,Columbia,Coushatta,Covington,Crowley,Cut Off,Denham Springs,Dequincy,Deridder,Donaldsonville,Eunice,Farmerville,Ferriday,Franklin,Franklinton,Galliano,Golden Meadow,Gonzales,Gretna,Hammond,Harvey,Haughton,Homer,Houma,Jeanerette,Jena,Jennings,Jonesboro,Jonesville,Kaplan,Kenner,Kinder,La Place,Lafayette,Lake Charles,Leesville,Luling,Mandeville,Mansfield,Many,Marksville,Marrero,Metairie,Minden,Monroe,Morgan City,Natchitoches,New Iberia,New Orleans,New Roads,Oak Grove,Oakdale,Opelousas,Pineville,Plaquemine,Ponchatoula,Port Allen,Prairieville,Raceland,Rayne,Rayville,Reserve,Ruston,Saint Francisville,Saint Martinville,Saint Rose,Scott,Shreveport,Slidell,Springhill,Sulphur,Tallulah,Thibodaux,Vidalia,Ville Platte,West Monroe,Westlake,Westwego,Winnfield,Winnsboro,Youngsville,Zachary
IN	indiana	Alexandria,Anderson,Angola,Auburn,Aurora,Avon,Batesville,Bedford,Beech Grove,Bloomfield,Bloomington,Bluffton,Boonville,Brazil,Bremen,Brookville,Brownsburg,Carmel,Cedar Lake,Charlestown,Chesterton,Clarksville,Clinton,Columbia City,Columbus,Connersville,Corydon,Crawfordsville,Crown Point,Danville,Decatur,Delphi,Demotte,Dyer,East Chicago,Edinburgh,Elkhart,Elwood,Evansville,Fishers,Floyds Knobs,Fort Wayne,Frankfort,Franklin,Fremont,Gary,Goshen,Granger,Greencastle,Greenfield,Greensburg,Greenwood,Griffith,Hammond,Hartford City,Highland,Hobart,Huntingburg,Huntington,Indianapolis,Jasper,Jeffersonville,Kendallville,Knox,Kokomo,La Porte,Lafayette,Lagrange,Lawrenceburg,Lebanon,Ligonier,Linton,Logansport,Lowell,Madison,Marion,Martinsville,Merrillville,Michigan City,Middlebury,Mishawaka,Mitchell,Monticello,Mooresville,Mount Vernon,Muncie,Munster,Nappanee,Nashville,New Albany,New Castle,New Haven,Newburgh,Noblesville,North Manchester,North Vernon,Osceola,Paoli,Pendleton,Peru,Plainfield,Plymouth,Portage,Portland,Princeton,Rensselaer,Richmond,Rochester,Rockport,Rockville,Rushville,Saint John,Salem,Schererville,Scottsburg,Sellersburg,Seymour,Shelbyville,South Bend,Spencer,Sullivan,Syracuse,Tell City,Terre Haute,Tipton,Valparaiso,Vincennes,Wabash,Warsaw,Washington,West Lafayette,Westfield,Whiteland,Whiting,Winamac,Winchester,Zionsville
IL	illinois	Addison,Aledo,Algonquin,Alsip,Alton,Anna,Antioch,Arlington Heights,Aurora,Barrington,Bartlett,Batavia,Beardstown,Belleville,Bellwood,Belvidere,Bensenville,Benton,Berwyn,Bethalto,Bloomingdale,Bloomington,Blue Island,Bolingbrook,Bourbonnais,Bradley,Breese,Bridgeview,Broadview,Brookfield,Buffalo Grove,Burbank,Burr Ridge,Calumet City,Canton,Carbondale,Carlinville,Carlyle,Carmi,Carol Stream,Carpentersville,Carterville,Carthage,Cary,Centralia,Champaign,Charleston,Chatham,Chester,Chicago,Chicago Heights,Chicago Ridge,Chillicothe,Cicero,Clarendon Hills,Clinton,Collinsville,Columbia,Country Club Hills,Crete,Crystal Lake,Danville,Darien,Decatur,Deerfield,Dekalb,Des Plaines,Dixon,Dolton,Downers Grove,Du Quoin,Dundee,East Alton,East Moline,East Peoria,East Saint Louis,Edwardsville,Effingham,Elburn,Elgin,Elk Grove Village,Elmhurst,Elmwood Park,Eureka,Evanston,Evergreen Park,Fairfield,Fairview Heights,Flora,Flossmoor,Forest Park,Fox Lake,Frankfort,Franklin Park,Freeport,Galena,Galesburg,Geneseo,Geneva,Glen Carbon,Glen Ellyn,Glencoe,Glendale Heights,Glenview,Godfrey,Granite City,Grayslake,Greenville,Gurnee,Harrisburg,Harvard,Harvey,Havana,Hazel Crest,Herrin,Hickory Hills,Highland,Highland Park,Hillsboro,Hillside,Hinsdale,Homewood,Hoopeston,Huntley,Itasca,Jacksonville,Jerseyville,Joliet,Kankakee,Kewanee,La Grange,La Grange Park,La Salle,Lake Bluff,Lake Forest,Lake In the Hills,Lake Villa,Lake Zurich,Lansing,Lemont,Libertyville,Lincoln,Lincolnshire,Lincolnwood,Lisle,Litchfield,Lockport,Lombard,Loves Park,Lyons,MacHesney Park,MacOmb,Mahomet,Marengo,Marion,Marseilles,Marshall,Matteson,Mattoon,Maywood,Mc Leansboro,McHenry,Melrose Park,Mendota,Metamora,Metropolis,Midlothian,Milan,Mokena,Moline,Monee,Monmouth,Montgomery,Monticello,Morris,Morrison,Morton,Morton Grove,Mount Carmel,Mount Prospect,Mount Vernon,Mundelein,Murphysboro,Naperville,Nashville,New Lenox,Newton,Niles,Normal,North Aurora,North Chicago,Northbrook,O Fallon,Oak Brook,Oak Forest,Oak Lawn,Oak Park,Olney,Olympia Fields,Oregon,Orland Park,Oswego,Ottawa,Palatine,Palos Heights,Palos Hills,Palos Park,Pana,Paris,Park Forest,Park Ridge,Pekin,Peoria,Peru,Petersburg,Pinckneyville,Pittsfield,Plainfield,Plano,Pontiac,Princeton,Prospect Heights,Quincy,Rantoul,Red Bud,River Forest,River Grove,Riverdale,Riverside,Robinson,Rochelle,Rock Falls,Rock Island,Rockford,Rolling Meadows,Romeoville,Roscoe,Roselle,Round Lake,Rushville,Saint Charles,Salem,Sandwich,Savanna,Schaumburg,Schiller Park,Shelbyville,Silvis,Skokie,South Beloit,South Elgin,South Holland,Sparta,Spring Grove,Springfield,Sterling,Streamwood,Streator,Sullivan,Summit Argo,Sumner,Sycamore,Taylorville,Tinley Park,Troy,Tuscola,Urbana,Vandalia,Vernon Hills,Villa Park,Warrenville,Washington,Waterloo,Watseka,Wauconda,Waukegan,West Chicago,West Frankfort,Westchester,Western Springs,Westmont,Wheaton,Wheeling,Wilmette,Wilmington,Winfield,Winnetka,Wood Dale,Wood River,Woodridge,Woodstock,Worth,Yorkville,Zion
HI	hawaii	Aiea,Barbers Point,Ewa Beach,Hanalei,Hilo,Honolulu,Kahului,Kailua,Kailua Kona,Kamuela,Kaneohe,Kapaa,Keaau,Keauhou,Kihei,Koloa,Kula,Lahaina,Lihue,Makawao,Mililani,Pearl City,Wahiawa,Waialua,Waianae,Wailuku,Waipahu
ME	maine	Auburn,Augusta,Bangor,Bar Harbor,Bath,Belfast,Bethel,Biddeford,Brewer,Brunswick,Calais,Camden,Caribou,Damariscotta,Ellsworth,Falmouth,Farmington,Fort Kent,Freeport,Gardiner,Gorham,Gray,Hampden,Houlton,Kennebunk,Kennebunkport,Kittery,Lewiston,Norway,Old Orchard Beach,Orono,Portland,Presque Isle,Rockland,Saco,Sanford,Scarborough,Skowhegan,South Portland,Waterville,Wells,Westbrook,Windham,Winthrop,Yarmouth,York
FL	florida	Alachua,Altamonte Springs,Apalachicola,Apopka,Arcadia,Atlantic Beach,Auburndale,Avon Park,Bartow,Belle Glade,Belleview,Beverly Hills,Big Pine Key,Blountstown,Boca Raton,Bonifay,Bonita Springs,Boynton Beach,Bradenton,Brandon,Brooksville,Bunnell,Bushnell,Callahan,Cantonment,Cape Canaveral,Cape Coral,Casselberry,Chiefland,Chipley,Clearwater,Clermont,Clewiston,Cocoa,Cocoa Beach,Crawfordville,Crestview,Crystal River,Dade City,Dania,Daytona Beach,Debary,Deerfield Beach,Defuniak Springs,Deland,Delray Beach,Deltona,Destin,Dunedin,Dunnellon,Eastpoint,Edgewater,Eglin AFB,Englewood,Estero,Eustis,Fernandina Beach,Flagler Beach,Fort Lauderdale,Fort Myers,Fort Myers Beach,Fort Pierce,Fort Walton Beach,Gainesville,Green Cove Springs,Groveland,Gulf Breeze,Haines City,Hallandale,Havana,Hernando,Hialeah,High Springs,Hobe Sound,Holiday,Hollywood,Homestead,Homosassa,Hudson,Immokalee,Indialantic,Indiantown,Inverness,Islamorada,Jacksonville,Jacksonville Beach,Jensen Beach,Jupiter,Key Biscayne,Key Largo,Key West,Keystone Heights,Kissimmee,Labelle,Lady Lake,Lake City,Lake Mary,Lake Placid,Lake Wales,Lake Worth,Lakeland,Land O Lakes,Largo,Lecanto,Leesburg,Lehigh Acres,Live Oak,Longboat Key,Longwood,Loxahatchee,Lutz,Lynn Haven,MacClenny,Madison,Maitland,Marathon,Marco Island,Marianna,Mary Esther,Melbourne,Merritt Island,Miami,Miami Beach,Middleburg,Milton,Monticello,Mount Dora,Mulberry,Naples,Navarre,New Port Richey,New Smyrna Beach,Newberry,Niceville,North Fort Myers,North Miami Beach,North Palm Beach,North Port,Ocala,Ocoee,Okeechobee,Oldsmar,Opa Locka,Orange City,Orange Park,Orlando,Ormond Beach,Oviedo,Palatka,Palm Bay,Palm Beach,Palm City,Palm Coast,Palm Harbor,Palmetto,Panama City,Panama City Beach,Pensacola,Perry,Pinellas Park,Plant City,Pompano Beach,Ponte Vedra Beach,Port Charlotte,Port Richey,Port Saint Joe,Port Saint Lucie,Punta Gorda,Quincy,Riverview,Rockledge,Ruskin,Safety Harbor,Saint Augustine,Saint Cloud,Saint Petersburg,Sanford,Sanibel,Santa Rosa Beach,Sarasota,Satellite Beach,Sebastian,Sebring,Seminole,Shalimar,Spring Hill,Starke,Stuart,Summerfield,Summerland Key,Tallahassee,Tampa,Tarpon Springs,Tavares,Tavernier,Titusville,Trenton,Umatilla,Valparaiso,Valrico,Venice,Vero Beach,Wauchula,West Palm Beach,Weston,Wildwood,Williston,Windermere,Winter Garden,Winter Haven,Winter Park,Winter Springs,Yulee,Zephyrhills
IA	iowa	Adel,Albia,Algona,Altoona,Ames,Anamosa,Ankeny,Atlantic,Audubon,Bettendorf,Bloomfield,Boone,Burlington,Carroll,Cedar Falls,Cedar Rapids,Centerville,Chariton,Charles City,Cherokee,Clarinda,Clarion,Clear Lake,Clinton,Clive,Coralville,Council Bluffs,Cresco,Creston,Davenport,De Witt,Decorah,Denison,Des Moines,Dubuque,Dyersville,Eldora,Eldridge,Emmetsburg,Estherville,Fairfield,Forest City,Fort Dodge,Fort Madison,Glenwood,Grinnell,Hampton,Harlan,Hiawatha,Humboldt,Independence,Indianola,Iowa City,Iowa Falls,Jefferson,Johnston,Kalona,Keokuk,Knoxville,Le Mars,Manchester,Maquoketa,Marion,Marshalltown,Mason City,Monticello,Mount Pleasant,Muscatine,Nevada,New Hampton,Newton,North Liberty,Oelwein,Orange City,Osceola,Oskaloosa,Ottumwa,Pella,Perry,Red Oak,Sheldon,Shenandoah,Sioux Center,Sioux City,Spencer,Spirit Lake,Storm Lake,Tipton,Urbandale,Vinton,Washington,Waterloo,Waukon,Waverly,Webster City,West Burlington,West Des Moines,Winterset
DE	delaware	Bear,Camden Wyoming,Claymont,Delaware City,Dover,Georgetown,Hockessin,Laurel,Lewes,Middletown,Milford,Millsboro,New Castle,Newark,Ocean View,Rehoboth Beach,Seaford,Selbyville,Smyrna,Wilmington
MS	mississippi	Aberdeen,Amory,Batesville,Bay Saint Louis,Bay Springs,Belzoni,Biloxi,Booneville,Brandon,Brookhaven,Byhalia,Canton,Carthage,Clarksdale,Cleveland,Clinton,Collins,Columbia,Columbus,Corinth,Crystal Springs,Ellisville,Florence,Forest,Fulton,Gautier,Greenville,Greenwood,Grenada,Gulfport,Hattiesburg,Hazlehurst,Hernando,Holly Springs,Houston,Indianola,Iuka,Jackson,Kosciusko,Laurel,Leland,Long Beach,Louisville,Lucedale,MacOn,Madison,Magee,McComb,Mendenhall,Meridian,Moss Point,Natchez,New Albany,Newton,Ocean Springs,Olive Branch,Oxford,Pascagoula,Pass Christian,Petal,Philadelphia,Picayune,Pontotoc,Poplarville,Port Gibson,Prentiss,Quitman,Raymond,Ridgeland,Ripley,Senatobia,Southaven,Starkville,Tunica,Tupelo,Tylertown,Vicksburg,Walls,Waynesboro,West Point,Wiggins,Winona,Yazoo City
ID	idaho	American Falls,Blackfoot,Boise,Bonners Ferry,Buhl,Burley,Caldwell,Challis,Coeur D Alene,Driggs,Eagle,Emmett,Garden City,Gooding,Grangeville,Hailey,Hayden,Idaho Falls,Jerome,Ketchum,Lewiston,McCall,Meridian,Moscow,Mountain Home,Nampa,Orofino,Payette,Pocatello,Post Falls,Preston,Rathdrum,Rexburg,Rigby,Rupert,Saint Maries,Salmon,Sandpoint,Soda Springs,Sun Valley,Twin Falls,Weiser
CT	connecticut	Ansonia,Avon,Berlin,Bethel,Bloomfield,Branford,Bridgeport,Bristol,Brookfield,Canaan,Canton,Cheshire,Clinton,Colchester,Cos Cob,Coventry,Cromwell,Danbury,Danielson,Darien,Derby,East Hampton,East Hartford,East Haven,East Lyme,East Windsor,Ellington,Enfield,Essex,Fairfield,Farmington,Glastonbury,Granby,Greenwich,Groton,Guilford,Hamden,Hartford,Jewett City,Kent,Litchfield,Madison,Manchester,Meriden,Middlebury,Middletown,Milford,Monroe,Mystic,Naugatuck,New Britain,New Canaan,New Fairfield,New Haven,New London,New Milford,Newington,Newtown,Niantic,North Branford,North Haven,Norwalk,Norwich,Old Greenwich,Old Lyme,Old Saybrook,Orange,Oxford,Pawcatuck,Plainfield,Plainville,Portland,Putnam,Redding,Ridgefield,Rocky Hill,Seymour,Sharon,Shelton,Simsbury,South Windsor,Southbury,Southington,Southport,Stafford Springs,Stamford,Stonington,Storrs Mansfield,Stratford,Suffield,Thomaston,Tolland,Torrington,Trumbull,Vernon Rockville,W Hartford,Wallingford,Waterbury,Waterford,Watertown,West  Hartford,West Haven,Westbrook,Weston,Westport,Wethersfield,Willimantic,Wilton,Winchester Center,Windsor,Windsor Locks,Winsted,Wolcott,Woodbridge,Woodbury
GA	georgia	Acworth,Adairsville,Adel,Albany,Alma,Alpharetta,Americus,Ashburn,Athens,Atlanta,Augusta,Austell,Bainbridge,Barnesville,Baxley,Blackshear,Blairsville,Blakely,Blue Ridge,Bogart,Bremen,Brunswick,Buford,Byron,Cairo,Calhoun,Camilla,Canton,Carrollton,Cartersville,Cedartown,Chatsworth,Chickamauga,Clarkesville,Clarkston,Claxton,Clayton,Cleveland,Cochran,Colquitt,Columbus,Commerce,Conyers,Cordele,Cornelia,Covington,Cumming,Dacula,Dahlonega,Dallas,Dalton,Darien,Dawson,Dawsonville,Decatur,Donalsonville,Douglas,Douglasville,Dublin,Duluth,Eastman,Eatonton,Elberton,Ellijay,Evans,Fairburn,Fayetteville,Fitzgerald,Flowery Branch,Forest Park,Forsyth,Fort Oglethorpe,Fort Valley,Gainesville,Glennville,Gray,Greensboro,Griffin,Grovetown,Hampton,Hartwell,Hawkinsville,Hazlehurst,Helen,Hephzibah,Hiawassee,Hinesville,Hiram,Jackson,Jasper,Jefferson,Jesup,Jonesboro,Kennesaw,Kingsland,La Fayette,Lagrange,Lake Park,Lavonia,Lawrenceville,Leesburg,Lilburn,Lincolnton,Lithia Springs,Lithonia,Loganville,Lyons,Mableton,MacOn,Madison,Marietta,Mc Rae,McDonough,Metter,Milledgeville,Monroe,Montezuma,Morrow,Moultrie,Nashville,Newnan,Norcross,Peachtree City,Perry,Pooler,Powder Springs,Quitman,Richmond Hill,Rincon,Ringgold,Riverdale,Rockmart,Rome,Rossville,Roswell,Royston,Saint Marys,Saint Simons Island,Sandersville,Savannah,Smyrna,Snellville,Springfield,Statesboro,Stockbridge,Stone Mountain,Summerville,Suwanee,Swainsboro,Sylvania,Sylvester,Thomaston,Thomasville,Thomson,Tifton,Toccoa,Trenton,Tucker,Union City,Valdosta,Vidalia,Vienna,Villa Rica,Warner Robins,Washington,Watkinsville,Waycross,Waynesboro,West Point,Winder,Woodstock
AZ	arizona	Ajo,Apache Junction,Avondale,Benson,Bisbee,Buckeye,Bullhead City,Camp Verde,Casa Grande,Cave Creek,Chandler,Chinle,Chino Valley,Coolidge,Cottonwood,Douglas,Flagstaff,Fort Defiance,Fort Mohave,Fountain Hills,Gilbert,Glendale,Globe,Goodyear,Green Valley,Holbrook,Kayenta,Kingman,Lake Havasu City,Lakeside,Litchfield Park,Mesa,Mohave Valley,Nogales,Page,Paradise Valley,Parker,Payson,Peoria,Phoenix,Pinetop,Prescott,Prescott Valley,Quartzsite,Safford,Saint Johns,Scottsdale,Sedona,Show Low,Sierra Vista,Snowflake,Springerville,Sun City,Sun City West,Surprise,Tempe,Tuba City,Tucson,Whiteriver,Wickenburg,Willcox,Window Rock,Winslow,Yuma
CO	colorado	Alamosa,Arvada,Aspen,Aurora,Avon,Bailey,Basalt,Berthoud,Boulder,Breckenridge,Brighton,Broomfield,Brush,Buena Vista,Burlington,Canon City,Carbondale,Castle Rock,Colorado Springs,Commerce City,Cortez,Craig,Crested Butte,Delta,Denver,Dillon,Durango,Eagle,Edwards,Elizabeth,Englewood,Estes Park,Evergreen,Fort Collins,Fort Lupton,Fort Morgan,Frisco,Glenwood Springs,Golden,Granby,Grand Junction,Greeley,Gunnison,Gypsum,Holyoke,La Junta,Lafayette,Lamar,Leadville,Littleton,Longmont,Louisville,Loveland,Meeker,Monte Vista,Montrose,Monument,Morrison,Pagosa Springs,Parker,Pueblo,Rifle,Salida,Silverthorne,Steamboat Springs,Sterling,Telluride,Trinidad,Vail,Westminster,Wheat Ridge,Windsor,Woodland Park,Wray,Yuma
CA	california	Agoura Hills,Alameda,Alamo,Albany,Alhambra,Aliso Viejo,Alpine,Altadena,Alturas,Anaheim,Anderson,Angels Camp,Antioch,Apple Valley,Aptos,Arcadia,Arcata,Arnold,Arroyo Grande,Artesia,Atascadero,Atwater,Auburn,Avalon,Azusa,Bakersfield,Baldwin Park,Banning,Barstow,Beaumont,Bell,Bell Gardens,Bellflower,Belmont,Belvedere Tiburon,Benicia,Berkeley,Beverly Hills,Big Bear City,Big Bear Lake,Bishop,Bloomington,Blythe,Bonita,Boulder Creek,Brawley,Brea,Brentwood,Brisbane,Buellton,Buena Park,Burbank,Burlingame,Calabasas,Calexico,Calistoga,Camarillo,Cambria,Campbell,Canoga Park,Canyon Country,Capitola,Carlsbad,Carmel,Carmel Valley,Carmichael,Carpinteria,Carson,Castro Valley,Castroville,Cathedral City,Ceres,Cerritos,Chatsworth,Chester,Chico,Chino,Chino Hills,Chowchilla,Chula Vista,Citrus Heights,City of Industry,Claremont,Clayton,Clearlake,Cloverdale,Clovis,Coachella,Coalinga,Colton,Colusa,Compton,Concord,Corning,Corona,Corona Del Mar,Coronado,Corte Madera,Costa Mesa,Cotati,Cottonwood,Covina,Crescent City,Crestline,Culver City,Cupertino,Cypress,Daly City,Dana Point,Danville,Davis,Del Mar,Delano,Desert Hot Springs,Diamond Bar,Dinuba,Dixon,Downey,Duarte,Dublin,El Cajon,El Centro,El Cerrito,El Dorado Hills,El Monte,El Segundo,El Sobrante,Elk Grove,Emeryville,Encinitas,Encino,Escalon,Escondido,Eureka,Exeter,Fair Oaks,Fairfax,Fairfield,Fallbrook,Felton,Fillmore,Folsom,Fontana,Fort Bragg,Fortuna,Fountain Valley,Fremont,Fresno,Fullerton,Galt,Garden Grove,Gardena,Gilroy,Glendale,Glendora,Goleta,Granada Hills,Grand Terrace,Granite Bay,Grass Valley,Greenbrae,Gridley,Grover Beach,Hacienda Heights,Half Moon Bay,Hanford,Harbor City,Hawaiian Gardens,Hawthorne,Hayward,Healdsburg,Hemet,Hermosa Beach,Hesperia,Highland,Hollister,Huntington Beach,Huntington Park,Imperial Beach,Indio,Inglewood,Irvine,Jackson,Kelseyville,Kerman,King City,Kings Beach,Kingsburg,La Canada Flintridge,La Crescenta,La Habra,La Jolla,La Mesa,La Mirada,La Palma,La Puente,La Quinta,La Verne,Lafayette,Laguna Beach,Laguna Hills,Laguna Niguel,Lake Arrowhead,Lake Elsinore,Lake Forest,Lake Isabella,Lakeport,Lakeside,Lakewood,Lancaster,Larkspur,Lawndale,Lemon Grove,Lemoore,Lincoln,Lindsay,Livermore,Lodi,Loma Linda,Lomita,Lompoc,Long Beach,Loomis,Los Alamitos,Los Altos,Los Angeles,Los Banos,Los Gatos,Los Osos,Lower Lake,Lynwood,Madera,Malibu,Mammoth Lakes,Manhattan Beach,Manteca,Marina,Marina Del Rey,Mariposa,Martinez,Marysville,Maywood,McKinleyville,Mendocino,Menlo Park,Merced,Middletown,Mill Valley,Millbrae,Milpitas,Mira Loma,Mission Hills,Mission Viejo,Modesto,Monrovia,Montclair,Montebello,Monterey,Monterey Park,Montrose,Moorpark,Moraga,Moreno Valley,Morgan Hill,Morro Bay,Mount Shasta,Mountain View,Murrieta,Napa,National City,Needles,Nevada City,Newark,Newbury Park,Newhall,Newport Beach,Nipomo,Norco,North Highlands,North Hills,North Hollywood,Northridge,Norwalk,Novato,Oakdale,Oakhurst,Oakland,Oakley,Oceanside,Ojai,Ontario,Orange,Orangevale,Orinda,Orland,Oroville,Oxnard,Pacific Grove,Pacific Palisades,Pacifica,Pacoima,Palm Desert,Palm Springs,Palmdale,Palo Alto,Palos Verdes Peninsu,Panorama City,Paradise,Paramount,Pasadena,Paso Robles,Patterson,Penn Valley,Perris,Petaluma,Pico Rivera,Pinole,Pismo Beach,Pittsburg,Placentia,Placerville,Playa Del Rey,Pleasant Hill,Pleasanton,Pomona,Port Hueneme,Porterville,Poway,Quincy,Ramona,Rancho Cordova,Rancho Cucamonga,Rancho Mirage,Rancho Palos Verdes,Rancho Santa Fe,Rancho Santa Margari,Red Bluff,Redding,Redlands,Redondo Beach,Redwood City,Reedley,Reseda,Rialto,Richmond,Ridgecrest,Rio Linda,Rio Vista,Ripon,Riverbank,Riverside,Rocklin,Rohnert Park,Rosemead,Roseville,Rowland Heights,Running Springs,Sacramento,Saint Helena,Salinas,San Andreas,San Anselmo,San Bernardino,San Bruno,San Carlos,San Clemente,San Diego,San Dimas,San Fernando,San Francisco,San Gabriel,San Jacinto,San Jose,San Juan Capistrano,San Leandro,San Lorenzo,San Luis Obispo,San Marcos,San Marino,San Mateo,San Pablo,San Pedro,San Rafael,San Ramon,Sanger,Santa Ana,Santa Barbara,Santa Clara,Santa Clarita,Santa Cruz,Santa Fe Springs,Santa Maria,Santa Monica,Santa Paula,Santa Rosa,Santa Ynez,Santee,Saratoga,Sausalito,Scotts Valley,Seal Beach,Seaside,Sebastopol,Selma,Shafter,Sherman Oaks,Shingle Springs,Sierra Madre,Simi Valley,Solana Beach,Solvang,Sonoma,Sonora,Soquel,South El Monte,South Gate,South Lake Tahoe,South Pasadena,South San Francisco,Spring Valley,Stanton,Stockton,Studio City,Suisun City,Sun City,Sun Valley,Sunland,Sunnyvale,Susanville,Sutter Creek,Sylmar,Taft,Tahoe City,Tarzana,Tehachapi,Temecula,Temple City,Templeton,Thousand Oaks,Torrance,Trabuco Canyon,Tracy,Truckee,Tujunga,Tulare,Turlock,Tustin,Twentynine Palms,Ukiah,Union City,Upland,Vacaville,Valencia,Vallejo,Valley Center,Valley Springs,Valley Village,Van Nuys,Venice,Ventura,Victorville,Visalia,Vista,Walnut,Walnut Creek,Wasco,Watsonville,Weaverville,Weed,West Covina,West Hills,West Hollywood,West Sacramento,Westlake Village,Westminster,Whittier,Wildomar,Willits,Willows,Wilmington,Windsor,Woodland,Woodland Hills,Yorba Linda,Yountville,Yreka,Yuba City,Yucaipa,Yucca Valley
AL	alabama	Alabaster,Albertville,Alexander City,Andalusia,Anniston,Arab,Ardmore,Athens,Atmore,Attalla,Auburn,Bay Minette,Bessemer,Birmingham,Boaz,Brewton,Butler,Calera,Camden,Centre,Clanton,Columbiana,Cullman,Dadeville,Daleville,Daphne,Decatur,Demopolis,Dothan,Enterprise,Eufaula,Evergreen,Fairfield,Fairhope,Fayette,Florence,Foley,Fort Payne,Gadsden,Gardendale,Geneva,Greenville,Gulf Shores,Guntersville,Haleyville,Hamilton,Hanceville,Hartselle,Hazel Green,Huntsville,Jackson,Jacksonville,Jasper,Lanett,Leeds,Loxley,Madison,Millbrook,Mobile,Monroeville,Montevallo,Montgomery,Moulton,Muscle Shoals,Northport,Oneonta,Opelika,Opp,Orange Beach,Oxford,Ozark,Pelham,Pell City,Phenix City,Piedmont,Pinson,Prattville,Rainbow City,Rainsville,Roanoke,Robertsdale,Russellville,Saraland,Scottsboro,Selma,Sheffield,Spanish Fort,Sylacauga,Talladega,Tallassee,Theodore,Thomasville,Troy,Trussville,Tuscaloosa,Tuscumbia,Tuskegee,Union Springs,Valley,Warrior,Wetumpka,Winfield
AR	arkansas	Arkadelphia,Batesville,Beebe,Bella Vista,Benton,Bentonville,Berryville,Blytheville,Booneville,Brinkley,Bryant,Cabot,Camden,Clarksville,Clinton,Conway,Crossett,Danville,Dardanelle,De Queen,Dumas,El Dorado,Eureka Springs,Fayetteville,Fordyce,Forrest City,Fort Smith,Glenwood,Greenbrier,Greenwood,Hardy,Harrison,Heber Springs,Helena,Hope,Hot Springs National,Hot Springs Village,Huntsville,Jacksonville,Jonesboro,Lake Village,Little Rock,Lonoke,Magnolia,Malvern,Marianna,Marion,Maumelle,Mena,Monticello,Morrilton,Mountain Home,Mountain View,Nashville,Newport,North Little Rock,Osceola,Ozark,Paragould,Paris,Pine Bluff,Pocahontas,Prescott,Rogers,Russellville,Searcy,Sheridan,Sherwood,Siloam Springs,Springdale,Stuttgart,Texarkana,Trumann,Van Buren,Waldron,Walnut Ridge,Warren,West Memphis,White Hall,Wynne
AK	alaska	Anchorage,Barrow,Bethel,Cordova,Dillingham,Eagle River,Fairbanks,Fort Wainwright,Haines,Homer,Juneau,Kenai,Ketchikan,Kodiak,Kotzebue,Nome,North Pole,Palmer,Petersburg,Seward,Sitka,Skagway,Soldotna,Unalaska,Valdez,Wasilla,Wrangell
